https://media.licdn.com/dms/image/D4E03AQG4mrD5y_3p8A/profile-displayphoto-shrink_200_200/0/1697849594584?e=1703721600&v=beta&t=uG0YB94jY5x3q7aQweDwL4AroUP0FedEMlIh--JI-Og; Luke Chen; the creator; https://www.lukechen.net
https://www.cityofhope.org/sites/www/files/styles/small_bio_portrait_315x450_/public/image/luke-chen.jpg?itok=7fT_PjFk;Luke Chen, M.D.;medical oncologist and hematologist ;https://www.cityofhope.org/luke-chen
https://i.mydramalist.com/XddNBO_5c.jpg;Luke Chen, actor;"Mu Chi Chen, AKA Luke Chen, &#38472;&#29287;&#39536; ";https://mydramalist.com/people/37049-hai-liang
https://www.flhealth.org//assets/images/ih/providers/luke-chen-154.jpg;Luke Chen, M.D.;Internal Medicine Doctor, NY;https://www.flhealth.org/providers/luke-chen-m-d-internal-medicine
https://www.med.unc.edu/cgibd/wp-content/uploads/sites/466/2017/10/chenl.jpeg;Xiaoxin (Luke) Chen, MD, PhD;Professor at UNC School of Medicine;https://www.med.unc.edu/cgibd/directory/xiaoxin-luke-chen-md-phd/
https://www.vchri.ca/sites/default/files/styles/researcher_profile/public/profile_luke_chen.jpg?itok=8C-msn54;Dr. Luke Chen;Clinical Associate Professor, Hematologist;https://www.vchri.ca/researchers/luke-chen
https://uploads-ssl.webflow.com/61c3fb6de8d727554e323a64/61ce271a8a5181365a385ddf_Profile.JPG;Luke Chen;UX/UI Designer;https://www.lukeccreative.com/about
https://pure.ulster.ac.uk/files-asset/77500612/liming_inset.jpeg?w=160&f=webp;Dr. Luke Chen;Professor of Data Analytics, Ulster University;https://pure.ulster.ac.uk/en/persons/liming-luke-chen
https://vcahospitals.com/irvine-boulevard/team/-/media/2/vca/images/hospitals/united-states/california/irvine-boulevard/staff/700x525_irvine-boulevard_lukechen.ashx?h=525&w=700&hash=5A970D71B91E4E5DC42D15F311CE382E;Luke Chen;Staff Veterinarian, CA;https://vcahospitals.com/irvine-boulevard/team/luke-chen
https://i1.rgstatic.net/ii/profile.image/307300965781509-1450277667758_Q512/Luke-Chen-2.jpg;Luke F Chen;Scientist at Merck;https://www.researchgate.net/profile/Luke-Chen-2
https://www.vassarathletics.com/images/2022/11/8/Luke_Chen_TIgG5.jpg?width=300;Luke Chen;Student at Vassar College;https://www.vassarathletics.com/sports/mens-squash/roster/luke-chen/10700
https://cdn.pixabay.com/photo/2016/08/08/09/17/avatar-1577909_1280.png;Luke Chen;Are you Luke Chen? Contact me here ; https://www.lukechen.net
